pref,city,area,point1_lat,point1_lon,point2_lat,point2_lon,point3_lat,point3_lon,point4_lat,point4_lon
東京都,千代田区,エリアA,35.709856,139.734955,35.687614,139.712787,35.662118,139.731988,35.684649,139.751373
東京都,世田谷区,エリアB,35.651979,139.661796,35.642594,139.69,35.617577,139.663001,,
東京都,多摩市,エリアC,35.653474,139.445674,35.642787,139.446225,35.64944,139.46,,
